id,book,paragraph,title,abbr
1,1,2,namakkārapāḷi,Nam
2,1,159,namakkāraṭīkā,NamT
3,2,2,mahāpaṇāmapāṭha,Mpp
4,2,428,tigumbacetiya thomanā,Tgc
5,2,479,vāsamālinīkya,Vāsam
6,3,2,lakkhaṇāto,Lakkh
7,4,2,suttavandanā,Sutv
8,5,2,jinālaṅkāra,Jināl
9,6,2,kamalāñjali,Kamal
10,7,2,pajjamadhu,Pjm
11,8,2,buddhaguṇagāthāvalī,Bgg
12,9,2,abhidhānappadīpikāṭīkā,AbhpT
13,10,2,subodhālaṅkāro,Subodh
14,11,2,subodhālaṅkāraṭīkā,SubodhT
15,12,2,bālāvatāra,Bālāv
16,13,2,moggallānasuttapāṭho,Mogg
17,13,1105,moggallānabyākaraṇaṃ,Mogg
18,14,2,kaccāyanabyākaraṇaṃ,Kacc
19,14,715,mahākaccāyanasaddāpāṭha,Kacc
20,15,2,saddanītippakaraṇaṃ (padamālā),Sadd
21,16,2,saddanītippakaraṇaṃ (dhātumālā),Sadd
22,17,2,padarūpasiddhi,Rūp
23,18,2,moggallāna-pañcikā-ṭīkā,MoggPT
24,19,2,payogasiddhipāḷi,Payog
25,20,2,vuttodayaṃ,Vutt
26,21,2,abhidhānappadīpikā,Abhp
27,22,2,niruttidīpanīpāṭha,Nirutt
28,23,2,paramatthadīpanī,Pmd
29,24,2,anudīpanīpāṭha,Anudīp
30,25,2,paṭṭhānuddesa dīpanīpāṭha,Paṭṭhud
31,26,2,caturārakkhadīpanī,Catur
32,27,2,kavidappaṇanīti,Kavid
33,28,2,nītimañjarī,Nītim
34,29,2,dhammanīti,Dhn
35,30,2,mahārahanīti,Mhn
36,31,2,lokanīti,Ln
37,32,2,suttantanīti,Sutn
38,32,134,vasalasutta,Sutn
39,33,2,sūrassatīnīti,Sūrn
40,34,2,cāṇakyanītipāḷi,Cāṇ
41,35,2,naradakkhadīpanī,Narad
42,36,2,rasavāhinī,Ras
43,37,2,sīmavisodhanī,Sīmav
44,38,2,vessantarāgīti,Vessag
45,39,3,(saṅgayana-puccha vissajjanā) dīghanikāye,SgyDn
46,40,3,(saṅgayana-puccha vissajjanā) majjhimanikāya,SgyMn
47,41,3,(saṅgayana-puccha vissajjanā) saṃyuttanikāye,SgySn
48,42,3,(saṅgayana-puccha vissajjanā) aṅguttaranikāye,SgyAn
49,43,2,(saṅgayana-puccha vissajjanā) vinayapiṭaka,SgyVin
50,44,2,(saṅgayana-puccha vissajjanā) abhidhammapiṭaka,SgyAbh
51,45,2,(saṅgayana-puccha vissajjanā) aṭṭhakathā,SgyAṭṭh
52,46,1,milidaṭīkā,MilT
53,47,1,padamañjarī,Padam
54,48,1,padasādhanaṃ,Padas
55,49,1,saddabindu pakaraṇaṃ,Saddb
56,50,1,kaccāyana  dhātu mañjūsā,Dhātum
57,51,1,samantakūṭavaṇṇanā,Samantak
58,52,1,moggallāna vuttivivaraṇapañcikā.,MoggP
59,53,1,thupavaṃsa,Thūp
60,54,1,dāṭhāvaṃsa,Dāṭh
61,55,1,dhātupāṭha  vilāsiniyā,Dhātup
62,56,1,dhātuvaṃsa,Dhātuv
63,57,1,hatthavanagallavihāra  vaṃso,Hatth
64,58,1,jinacaritaya,Jinac
65,59,1,jinavaṃsadīpaṃ,Jinav
66,60,1,telakaṭāhagāthā,Tel
67,61,2,cūḷaganthavaṃsapāḷi,Cgv
68,62,2,sāsanavaṃsappadīpikā,Sāsp
69,63,2,mahāvaṃsapāḷi,Mhv
70,64,2,visuddhimagga,Vism
71,65,2,visuddhimagga,Vism
72,66,2,visuddhimagga-mahāṭīkā,VismT
73,67,2,visuddhimagga-mahāṭīkā,VismT
74,68,2,visuddhimagga nidānakathā,VismNid
75,69,3,paṭṭhānapāḷi,Paṭṭh
76,70,3,paṭṭhānapāḷi,Paṭṭh
77,71,3,paṭṭhānapāḷi,Paṭṭh
78,72,3,paṭṭhānapāḷi,Paṭṭh
79,73,3,dhammasaṅgaṇīpāḷi,Dhs
80,74,3,vibhaṅgapāḷi,Vibh
81,75,3,dhātukathāpāḷi,Dhātuk
82,76,3,puggalapaññattipāḷi,Pugg
83,77,3,kathāvatthupāḷi,Kv
84,78,3,yamakapāḷi,Yam
85,79,3,yamakapāḷi,Yam
86,80,3,yamakapāḷi,Yam
87,81,3,paṭṭhānapāḷi,Paṭṭh
88,82,3,aṅguttaranikāyapāḷi,An
89,83,3,aṅguttaranikāyapāḷi,An
90,84,3,aṅguttaranikāyapāḷi,An
91,85,3,aṅguttaranikāyapāḷi,An
92,86,3,aṅguttaranikāyapāḷi,An
93,87,3,aṅguttaranikāyapāḷi,An
94,88,3,aṅguttaranikāyapāḷi,An
95,89,3,aṅguttaranikāyapāḷi,An
96,90,3,aṅguttaranikāyapāḷi,An
97,91,3,aṅguttaranikāyapāḷi,An
98,92,3,aṅguttaranikāyapāḷi,An
99,93,3,dīghanikāyapāḷi,Dn
100,94,3,dīghanikāyapāḷi,Dn
101,95,3,dīghanikāyapāḷi,Dn
102,96,4,dhammasaṅgaṇī-aṭṭhakathā,DhsA
103,97,4,vibhaṅga-aṭṭhakathā,VibhA
104,98,4,dhātukathā-aṭṭhakathā,DhātukA
105,98,173,puggalapaññatti-aṭṭhakathā,PuggA
106,98,474,kathāvatthu-aṭṭhakathā,KvA
107,98,1623,yamakappakaraṇa-aṭṭhakathā,YamA
108,98,1880,paṭṭhānappakaraṇa-aṭṭhakathā,PaṭṭhA
109,99,3,manorathapūraṇī,AnA
110,100,3,manorathapūraṇī,AnA
111,100,325,manorathapūraṇī,AnA
112,100,997,manorathapūraṇī,AnA
113,101,3,manorathapūraṇī,AnA
114,101,503,manorathapūraṇī,AnA
115,101,792,manorathapūraṇī,AnA
116,102,3,manorathapūraṇī,AnA
117,102,275,manorathapūraṇī,AnA
118,102,409,manorathapūraṇī,AnA
119,102,706,manorathapūraṇī,AnA
120,103,3,sumaṅgalavilāsinī,DnA
121,104,3,sumaṅgalavilāsinī,DnA
122,105,3,sumaṅgalavilāsinī,DnA
123,106,3,therīgāthā-aṭṭhakathā,ThīA
124,107,3,apadāna-aṭṭhakathā,ApA
125,108,3,buddhavaṃsa-aṭṭhakathā,BvA
126,109,3,cariyāpiṭaka-aṭṭhakathā,CpA
127,110,4,jātaka-aṭṭhakathā,JaA
128,111,3,jātaka-aṭṭhakathā,JaA
129,112,4,jātaka-aṭṭhakathā,JaA
130,113,4,jātaka-aṭṭhakathā,JaA
131,113,5312,jātaka-aṭṭhakathā,JaA
132,114,1,jātaka-aṭṭhakathā,JaA
133,115,3,jātaka-aṭṭhakathā,JaA
134,116,3,khuddakapāṭha-aṭṭhakathā,KhpA
135,117,3,jātaka-aṭṭhakathā,JaA
136,118,3,mahāniddesa-aṭṭhakathā,MndA
137,119,3,cūḷaniddesa-aṭṭhakathā,CndA
138,120,3,paṭisambhidāmagga-aṭṭhakathā,PaṭisA
139,121,3,nettippakaraṇa-aṭṭhakathā,NettA
140,122,3,dhammapada-aṭṭhakathā,DhpA
141,123,3,udāna-aṭṭhakathā,UdA
142,124,3,itivuttaka-aṭṭhakathā,ItA
143,125,3,suttanipāta-aṭṭhakathā,SnpA
144,126,3,vimānavatthu-aṭṭhakathā,VvA
145,127,3,petavatthu-aṭṭhakathā,PvA
146,128,3,theragāthā-aṭṭhakathā,ThA
147,129,3,theragāthā-aṭṭhakathā,ThA
148,130,3,papañcasūdanī,MnA
149,131,3,papañcasūdanī,MnA
150,132,3,papañcasūdanī,MnA
151,133,3,sāratthappakāsinī,SnA
152,134,3,sāratthappakāsinī,SnA
153,135,3,sāratthappakāsinī,SnA
154,136,3,sāratthappakāsinī,SnA
155,137,3,sāratthappakāsinī,SnA
156,138,3,samantapāsādikā,VinA
157,139,3,samantapāsādikā,VinA
158,140,3,samantapāsādikā,VinA
159,141,3,samantapāsādikā,VinA
160,142,3,samantapāsādikā,VinA
161,143,3,therāpadānapāḷi,Ap
162,144,3,therāpadānapāḷi,Ap
163,144,6534,therīapadānapāḷi,Ap
164,145,3,buddhavaṃsapāḷi,Bv
165,146,3,cariyāpiṭakapāḷi,Cp
166,147,3,jātakapāḷi,Ja
167,148,3,jātakapāḷi,Ja
168,149,3,mahāniddesapāḷi,Mnd
169,150,3,cūḷaniddesapāḷi,Cnd
170,151,3,paṭisambhidāmaggapāḷi,Paṭis
171,152,3,milindapañhapāḷi,Mil
172,153,3,nettippakaraṇapāḷi,Nett
173,154,3,khuddakapāṭhapāḷi,Khp
174,155,3,peṭakopadesapāḷi,Peṭ
175,156,3,dhammapadapāḷi,Dhp
176,157,3,udānapāḷi,Ud
177,158,3,itivuttakapāḷi,It
178,159,3,suttanipātapāḷi,Snp
179,160,3,vimānavatthupāḷi,Vv
180,161,3,petavatthupāḷi,Pv
181,162,3,theragāthāpāḷi,Th
182,163,3,therīgāthāpāḷi,Thī
183,164,3,majjhimanikāyapāḷi,Mn
184,165,3,majjhimanikāyapāḷi,Mn
185,166,3,majjhimanikāyapāḷi,Mn
186,167,3,saṃyuttanikāyapāḷi,Sn
187,168,3,saṃyuttanikāyapāḷi,Sn
188,169,3,saṃyuttanikāyapāḷi,Sn
189,170,3,saṃyuttanikāyapāḷi,Sn
190,171,3,saṃyuttanikāyapāḷi,Sn
191,172,3,mūlaṭīkā,DhsT
192,173,3,mūlaṭīkā,VibhT
193,173,1155,anuṭīkā,VibhAnuT
194,174,4,mūlaṭīkā,DhātukT
195,174,100,mūlaṭīkā,PuggT
196,174,201,mūlaṭīkā,KvT
197,174,865,mūlaṭīkā,YamT
198,174,1059,mūlaṭīkā,PaṭṭhT
199,175,3,anuṭīkā,DhsAnuT
200,176,4,anuṭīkā,DhātukAnuT
201,176,117,anuṭīkā,PuggAnuT
202,176,213,anuṭīkā,KvAnuT
203,176,917,anuṭīkā,YamAnuT
204,176,1139,anuṭīkā,PaṭṭhAnuT
205,177,2,abhidhammāvatāro,Abhāv
206,177,4805,nāmarūpaparicchedo,Nāmarp
207,177,10627,paramatthavinicchayo,Paramv
208,177,14272,saccasaṅkhepo,Sacc
209,178,2,abhidhammatthasaṅgaho,Abhs
210,178,875,abhidhammatthavibhāvinīṭīkā,AbhsT
211,179,2,abhidhammāvatāra-purāṇaṭīkā,AbhāvPT
212,179,872,abhidhammāvatāra-abhinavaṭīkā,AbhāvAbhT
213,180,2,abhidhammamātikāpāḷi,AbhMāt
214,180,1221,mohavicchedanī,Moh
215,181,3,aṅguttaranikāya-ṭīkā,AnT
216,182,3,aṅguttaranikāya-ṭīkā,AnT
217,182,324,aṅguttaranikāya-ṭīkā,AnT
218,182,1023,aṅguttaranikāya-ṭīkā,AnT
219,183,3,aṅguttaranikāya-ṭīkā,AnT
220,183,470,aṅguttaranikāya-ṭīkā,AnT
221,183,793,aṅguttaranikāya-ṭīkā,AnT
222,184,3,aṅguttaranikāya-ṭīkā,AnT
223,184,278,navakanipāta-ṭīkā,AnT
224,184,466,aṅguttaranikāya-ṭīkā,AnT
225,184,776,aṅguttaranikāya-ṭīkā,AnT
226,185,3,līnatthappakāsanā,DnT
227,186,3,līnatthappakāsanā,DnT
228,187,3,līnatthappakāsanā,DnT
229,188,3,sādhuvilāsinī,DnAbhT
230,189,3,sādhuvilāsinī,DnAbhT
231,190,3,nettippakaraṇa-ṭīkā,NettT
232,191,3,nettivibhāvinī,NettVibh
233,192,3,līnatthappakāsanā,MnT
234,193,3,līnatthappakāsanā,MnT
235,194,3,līnatthappakāsanā,MnT
236,195,3,līnatthappakāsanā,SnT
237,196,3,līnatthappakāsanā,SnT
238,197,3,līnatthappakāsanā,SnT
239,198,3,līnatthappakāsanā,SnT
240,199,3,līnatthappakāsanā,SnT
241,200,2,vinayavinicchayo,VinVn
242,200,10176,uttaravinicchayo,UttVn
243,201,2,vinayavinicchaya-ṭīkā,VinVnT
244,201,4270,uttaravinicchaya-ṭīkā,UttVnT
245,202,3,pācityādiyojanā,PācYoj
246,203,3,khuddasikkhā,Khuddas
247,203,1620,khuddasikkhā,KhuddasPT
248,203,2361,khuddasikkhā,KhuddasAbhT
249,203,3100,mūlasikkhā,Mūlas
250,203,3481,mūlasikkhā,MūlasT
251,204,3,sāratthadīpanī-ṭīkā,VinT
252,205,3,sāratthadīpanī-ṭīkā,VinT
253,206,3,sāratthadīpanī-ṭīkā,VinT
254,206,717,sāratthadīpanī-ṭīkā,VinT
255,206,1753,sāratthadīpanī-ṭīkā,VinT
256,206,2154,sāratthadīpanī-ṭīkā,VinT
257,207,3,pātimokkhapāḷi,Pātim
258,207,524,pātimokkhapāḷi,Pātim
259,207,1215,kaṅkhāvitaraṇī,Kkh
260,208,3,vinayasaṅgaha-aṭṭhakathā,VinSgh
261,209,3,vajirabuddhi-ṭīkā,VjbT
262,209,166,vajirabuddhi-ṭīkā,VjbT
263,209,992,vajirabuddhi-ṭīkā,VjbT
264,209,1708,vajirabuddhi-ṭīkā,VjbT
265,209,2217,vajirabuddhi-ṭīkā,VjbT
266,209,2428,vajirabuddhi-ṭīkā,VjbT
267,210,3,vimativinodanī-ṭīkā,VmvT
268,210,1658,vimativinodanī-ṭīkā,VmvT
269,210,1779,vimativinodanī-ṭīkā,VmvT
270,210,2431,vimativinodanī-ṭīkā,VmvT
271,210,2792,vimativinodanī-ṭīkā,VmvT
272,211,3,vinayālaṅkāra-ṭīkā,Vinālk
273,212,2,kaṅkhāvitaraṇī,KkhPT
274,212,671,kaṅkhāvitaraṇī,KkhAbhT
275,213,3,vinayapiṭaka,Vin
276,214,3,vinayapiṭaka,Vin
277,215,3,vinayapiṭaka,Vin
278,216,3,vinayapiṭaka,Vin
279,217,3,vinayapiṭaka,Vin
280,139,925,samantapāsādikā,VinA
281,214,2162,vinayapiṭaka,Vin
